run,strategy,date,symbol,regime,rank,entryAt,entryPrice,shares,stop,target,exitAt,exitPrice,exitKind,pnl,r,holdMinutes,slippageFraction,spreadSource,liquidityCapped,t1Hit,catalyst,reason
A,A,2026-04-08,CYCU,premarket-continuation,7,2026-04-08T12:31:00.000Z,1.615016,142,1.474773,1.82538,2026-04-08T12:33:00.000Z,1.819693,target,29.06424,1.459452,2,0.003115,quote,false,false,10 Industrials Stocks Moving In Wednesday's Pre-Market Session,"premarket-continuation: required catalyst, relative-volume, liquidity, price action, ATR, and spread gates passed."
A,A,2026-04-08,BBGI,late-continuation,4,2026-04-08T18:15:00.000Z,6.274996,44,5.932832,6.788242,2026-04-08T18:16:00.000Z,5.928104,stop,-15.263232,-1.013816,1,0.000797,quote,false,false,"Beasley Shares Surge As Trump Signals Iran Progress, Ceasefire Announced","late-continuation: required catalyst, relative-volume, liquidity, price action, ATR, and spread gates passed."
A,A,2026-04-08,BBGI,late-continuation,4,2026-04-08T18:49:00.000Z,5.880017,44,5.537853,6.393263,2026-04-08T19:34:00.000Z,5.528403,stop,-15.47104,-1.027619,45,0.001706,quote,false,false,"Beasley Shares Surge As Trump Signals Iran Progress, Ceasefire Announced","late-continuation: required catalyst, relative-volume, liquidity, price action, ATR, and spread gates passed."
B,B,2026-04-08,CYCU,premarket-continuation,7,2026-04-08T12:31:00.000Z,1.615016,142,1.474773,1.82538,2026-04-08T12:33:00.000Z,1.819693,target,29.06424,1.459452,2,0.003115,quote,false,false,10 Industrials Stocks Moving In Wednesday's Pre-Market Session,"premarket-continuation: required catalyst, relative-volume, liquidity, price action, ATR, and spread gates passed."
B,B,2026-04-08,BBGI,late-continuation,4,2026-04-08T18:15:00.000Z,6.274996,44,5.932832,6.788242,2026-04-08T18:16:00.000Z,5.928104,stop,-15.263232,-1.013816,1,0.000797,quote,false,false,"Beasley Shares Surge As Trump Signals Iran Progress, Ceasefire Announced","late-continuation: required catalyst, relative-volume, liquidity, price action, ATR, and spread gates passed."
B,B,2026-04-08,BBGI,late-continuation,4,2026-04-08T18:49:00.000Z,5.880017,44,5.537853,6.393263,2026-04-08T19:34:00.000Z,5.528403,stop,-15.47104,-1.027619,45,0.001706,quote,false,false,"Beasley Shares Surge As Trump Signals Iran Progress, Ceasefire Announced","late-continuation: required catalyst, relative-volume, liquidity, price action, ATR, and spread gates passed."
A-x2,A,2026-04-08,CYCU,premarket-continuation,7,2026-04-08T12:31:00.000Z,1.620031,142,1.479788,1.830395,2026-04-08T12:33:00.000Z,1.818991,target,28.252313,1.418682,2,0.006231,quote,false,false,10 Industrials Stocks Moving In Wednesday's Pre-Market Session,"premarket-continuation: required catalyst, relative-volume, liquidity, price action, ATR, and spread gates passed."
A-x2,A,2026-04-08,BBGI,late-continuation,4,2026-04-08T18:15:00.000Z,6.279992,44,5.937828,6.793238,2026-04-08T18:16:00.000Z,5.928365,stop,-15.471586,-1.027655,1,0.001594,quote,false,false,"Beasley Shares Surge As Trump Signals Iran Progress, Ceasefire Announced","late-continuation: required catalyst, relative-volume, liquidity, price action, ATR, and spread gates passed."
A-x2,A,2026-04-08,BBGI,late-continuation,4,2026-04-08T18:49:00.000Z,5.890034,44,5.54787,6.403281,2026-04-08T19:34:00.000Z,5.528935,stop,-15.888356,-1.055338,45,0.003413,quote,false,false,"Beasley Shares Surge As Trump Signals Iran Progress, Ceasefire Announced","late-continuation: required catalyst, relative-volume, liquidity, price action, ATR, and spread gates passed."
A-x3,A,2026-04-08,CYCU,premarket-continuation,7,2026-04-08T12:31:00.000Z,1.625047,142,1.484804,1.835411,2026-04-08T12:33:00.000Z,1.818258,target,27.435949,1.377688,2,0.009346,quote,false,false,10 Industrials Stocks Moving In Wednesday's Pre-Market Session,"premarket-continuation: required catalyst, relative-volume, liquidity, price action, ATR, and spread gates passed."
A-x3,A,2026-04-08,BBGI,late-continuation,4,2026-04-08T18:15:00.000Z,6.284988,44,5.942824,6.798234,2026-04-08T18:16:00.000Z,5.928618,stop,-15.680291,-1.041518,1,0.00239,quote,false,false,"Beasley Shares Surge As Trump Signals Iran Progress, Ceasefire Announced","late-continuation: required catalyst, relative-volume, liquidity, price action, ATR, and spread gates passed."
A-x3,A,2026-04-08,BBGI,late-continuation,4,2026-04-08T18:49:00.000Z,5.900051,44,5.557887,6.413298,2026-04-08T19:34:00.000Z,5.529434,stop,-16.307176,-1.083157,45,0.005119,quote,false,false,"Beasley Shares Surge As Trump Signals Iran Progress, Ceasefire Announced","late-continuation: required catalyst, relative-volume, liquidity, price action, ATR, and spread gates passed."
