run,strategy,date,symbol,regime,rank,entryAt,entryPrice,shares,stop,target,exitAt,exitPrice,exitKind,pnl,r,holdMinutes,slippageFraction,spreadSource,liquidityCapped,t1Hit,mfeR,maeR,zeroSlipPnl,entrySpreadPct,changePctAtEntry,float,entryIndex,minutesSinceFirstSeen,entryMinuteOfDay,catalyst,reason
E,A,2026-04-13,OPTX,opening-momentum,17,2026-04-13T13:35:00.000Z,11.312528,17,10.175492,13.018081,2026-04-13T19:56:00.000Z,11.609202,flatten,5.043459,0.260919,381,0.002217,quote,false,false,0.780514,-0.450758,5.9075,0.443459,20.854545,6841134,1,1,575,Why IDEAYA Biosciences Shares Are Trading Higher By 18%; Here Are 20 Stocks Moving Premarket,"opening-momentum: required catalyst, relative-volume, liquidity, price action, ATR, and spread gates passed."
E,A,2026-04-15,WATT,opening-momentum,14,2026-04-15T14:17:00.000Z,20.934941,8,18.667834,24.335602,2026-04-15T19:56:00.000Z,22.112969,flatten,9.424218,0.519617,339,0.001672,quote,false,false,1.197587,-0.055111,10,0.334368,27.6,5357895,1,13,617,12 Industrials Stocks Moving In Wednesday's Pre-Market Session,"opening-momentum: required catalyst, relative-volume, liquidity, price action, ATR, and spread gates passed."
E,A,2026-04-17,FRMM,opening-momentum,7,2026-04-17T13:39:00.000Z,3.044708,74,2.774015,3.450747,2026-04-17T13:59:00.000Z,2.769445,stop,-20.369454,-1.016883,20,0.001647,quote,false,false,0.278146,-1,-19.660698,0.329489,28.059072,5470778,1,6,579,"Forum Markets Reinitiates Share Buyback Program Effective April 15, Company To Form Special Committee To Explore Optimal Outcomes For Shareholders","opening-momentum: required catalyst, relative-volume, liquidity, price action, ATR, and spread gates passed."
E,A,2026-04-22,TORO,opening-momentum,5,2026-04-22T14:30:00.000Z,4.955095,91,4.737295,5.281795,2026-04-22T14:44:00.000Z,4.732515,stop,-20.254809,-1.021948,14,0.001009,quote,false,false,1.124449,-1,-19.36525,0.201816,26.726343,4642446,1,61,630,"Toro Announces Special Dividend Of $0.90/Share For Shareholders Of Record As Of May 4, Payable On June 5","opening-momentum: required catalyst, relative-volume, liquidity, price action, ATR, and spread gates passed."
E,A,2026-04-23,ASTI,opening-momentum,10,2026-04-23T13:38:00.000Z,6.06,23,5.224329,7.313507,2026-04-23T16:55:00.000Z,5.215693,stop,-19.419054,-1.010333,197,0.001653,quote,false,false,0.215396,-1,-18.990443,0.330579,21.93159,8933441,1,59,578,This Sterling Infrastructure Analyst Begins Coverage On A Bullish Note; Here Are Top 3 Initiations For Thursday,"opening-momentum: required catalyst, relative-volume, liquidity, price action, ATR, and spread gates passed."
E,A,2026-04-23,SST,opening-momentum,13,2026-04-23T14:22:00.000Z,3.435007,29,2.76375,4.441893,2026-04-23T19:56:00.000Z,3.894307,flatten,13.319679,0.684237,334,0.00146,quote,false,false,1.333308,-0.3501,13.63,0.291971,22.5,2038372,1,202,622,Why United Rentals Shares Are Trading Higher By Around 15%; Here Are 20 Stocks Moving Premarket,"opening-momentum: required catalyst, relative-volume, liquidity, price action, ATR, and spread gates passed."
E,A,2026-04-24,SST,opening-momentum,11,2026-04-24T13:30:00.000Z,4.71,31,4.079207,5.656189,2026-04-24T13:36:00.000Z,4.070528,stop,-19.823633,-1.013759,6,0.002128,quote,false,false,0.41218,-1,-19.244579,0.425532,22.976501,2038372,1,39,570,12 Communication Services Stocks Moving In Thursday's After-Market Session,"opening-momentum: required catalyst, relative-volume, liquidity, price action, ATR, and spread gates passed."
E,A,2026-04-28,EDSA,opening-momentum,8,2026-04-28T14:22:00.000Z,13.954978,18,12.909414,15.523325,2026-04-28T14:27:00.000Z,12.890906,stop,-19.153303,-1.017702,5,0.001434,quote,false,false,0.15783,-1,-18.460544,0.286738,25.067144,7680527,1,21,622,12 Health Care Stocks Moving In Monday's Intraday Session,"opening-momentum: required catalyst, relative-volume, liquidity, price action, ATR, and spread gates passed."
E,A,2026-05-06,GDC,opening-momentum,19,2026-05-06T13:30:00.000Z,7.504997,34,6.94679,8.342307,2026-05-06T13:33:00.000Z,6.942161,stop,-19.136399,-1.008291,3,0.000666,quote,false,false,1.209055,-1,-18.809156,0.133245,25.375626,4090235,1,4,570,"GD Culture Group Forms Special Committee To Mull, Consider Proposed $10.75/Share Acquisition Offer From Consortium Of Wealthy Concord, East Valley Technology","opening-momentum: required catalyst, relative-volume, liquidity, price action, ATR, and spread gates passed."
E,A,2026-05-08,MASK,opening-momentum,13,2026-05-08T13:52:00.000Z,3.12,66,2.831879,3.552182,2026-05-08T15:04:00.000Z,3.54648,target,28.147707,1.480211,72,0.001605,quote,false,false,2.117163,-0.451199,28.854021,0.321027,25.802419,821603,1,120,592,12 Information Technology Stocks Moving In Friday's Pre-Market Session,"opening-momentum: required catalyst, relative-volume, liquidity, price action, ATR, and spread gates passed."
E,A,2026-05-11,WYFI,opening-momentum,19,2026-05-11T13:52:00.000Z,26.424865,11,24.8039,28.856311,2026-05-11T16:14:00.000Z,28.785304,target,25.964829,1.456194,142,0.002461,quote,false,false,1.588644,-0.262106,27.459422,0.492145,24.017412,9434997,1,161,592,Why Digi Power X Shares Are Trading Higher By Around 20%; Here Are 20 Stocks Moving Premarket,"opening-momentum: required catalyst, relative-volume, liquidity, price action, ATR, and spread gates passed."
E,A,2026-05-13,WOLF,opening-momentum,5,2026-05-13T13:40:00.000Z,69.355043,3,63.749143,77.763893,2026-05-13T13:59:00.000Z,63.638612,stop,-17.149295,-1.019717,19,0.001734,quote,false,false,0.573495,-1,-16.45757,0.346771,28.834698,5963278,1,160,580,12 Information Technology Stocks Moving In Wednesday's Pre-Market Session,"opening-momentum: required catalyst, relative-volume, liquidity, price action, ATR, and spread gates passed."
E,A,2026-05-19,PIII,opening-momentum,9,2026-05-19T13:39:00.000Z,11.11,14,9.800357,13.074464,2026-05-19T13:51:00.000Z,13.062685,target,27.337597,1.491006,12,0.000901,quote,false,false,1.519498,-0.136831,27.6425,0.18018,21.134133,1815674,1,10,579,Why Agilysys Shares Are Trading Higher By Over 15%; Here Are 20 Stocks Moving Premarket,"opening-momentum: required catalyst, relative-volume, liquidity, price action, ATR, and spread gates passed."
E,A,2026-05-21,ARQQ,opening-momentum,20,2026-05-21T13:51:00.000Z,16.049925,18,15.001504,17.622557,2026-05-21T19:56:00.000Z,16.413965,flatten,6.552718,0.347227,365,0.002494,quote,false,false,1.287721,-0.143001,8.01,0.498753,22.536287,8534119,1,113,591,Arqit Quantum H1 Sales $623.000K Beat $535.000K Estimate,"opening-momentum: required catalyst, relative-volume, liquidity, price action, ATR, and spread gates passed."
E,A,2026-05-27,VCIG,opening-momentum,15,2026-05-27T14:05:00.000Z,3.655007,84,3.419328,4.008525,2026-05-27T14:26:00.000Z,4.003026,target,29.233612,1.476669,21,0.001372,quote,false,false,1.845705,-0.40312,30.116076,0.274348,25.689655,618493,1,185,605,12 Industrials Stocks Moving In Tuesday's After-Market Session,"opening-momentum: required catalyst, relative-volume, liquidity, price action, ATR, and spread gates passed."
E,A,2026-05-29,MASK,news-reaction,13,2026-05-29T11:19:00.000Z,4.99,13,4.223893,6.139161,2026-05-29T16:51:00.000Z,4.215411,stop,-10.069655,-1.011071,332,0.002008,quote,false,false,0.665703,-1,-9.829393,0.401606,20.823245,821603,1,19,439,12 Information Technology Stocks Moving In Thursday's Intraday Session,"news-reaction: required catalyst, relative-volume, liquidity, price action, ATR, and spread gates passed."
E,A,2026-06-01,ELMT,opening-momentum,18,2026-06-01T13:33:00.000Z,19.885062,15,18.604633,21.805705,2026-06-01T15:15:00.000Z,21.767188,target,28.231899,1.469919,102,0.001766,quote,false,false,1.555993,-0.613124,29.33557,0.353268,29.679319,9643623,1,152,573,12 Industrials Stocks Moving In Monday's Pre-Market Session,"opening-momentum: required catalyst, relative-volume, liquidity, price action, ATR, and spread gates passed."
E,A,2026-06-05,BESS,news-reaction,8,2026-06-05T11:58:00.000Z,3.834706,16,3.229349,4.742742,2026-06-05T12:52:00.000Z,4.736542,target,14.429377,1.489759,54,0.001307,quote,false,false,3.11435,-0.751137,14.60867,0.261438,25.57377,3716147,1,58,478,Bimergen Energy To Present Plan To Achieve $400M In Annual Sales At Small Cap Showcase On June 9,"news-reaction: required catalyst, relative-volume, liquidity, price action, ATR, and spread gates passed."
E,A,2026-06-05,BNAI,opening-momentum,9,2026-06-05T14:53:00.000Z,20.939621,8,18.536228,24.54471,2026-06-05T14:58:00.000Z,24.49818,target,28.468472,1.48064,5,0.001896,quote,false,false,1.797617,-0.016485,29.157681,0.379147,28.824969,4160885,1,14,653,Brand Engagement Network Acquires 10% Stake In AI Fleet Intelligence Provider Accelevate Solutions For $1M,"opening-momentum: required catalyst, relative-volume, liquidity, price action, ATR, and spread gates passed."
E,A,2026-06-15,HQ,opening-momentum,17,2026-06-15T14:29:00.000Z,14.095016,14,12.629095,16.293898,2026-06-15T16:29:00.000Z,16.276521,target,30.541071,1.488146,120,0.001066,quote,false,false,1.690598,-0.017065,30.994574,0.213295,28.918423,5845854,1,47,629,"Ouster, Datavault AI, Paranovus Entertainment Technology And Other Big Stocks Moving Higher On Monday","opening-momentum: required catalyst, relative-volume, liquidity, price action, ATR, and spread gates passed."
E,A,2026-06-16,WYFI,opening-momentum,20,2026-06-16T14:02:00.000Z,36.930152,6,33.922081,41.442259,2026-06-16T14:56:00.000Z,33.848297,stop,-18.491131,-1.024529,54,0.002175,quote,false,false,0.122952,-1,-17.567515,0.435019,22.681788,9434997,1,18,602,12 Information Technology Stocks Moving In Monday's Intraday Session,"opening-momentum: required catalyst, relative-volume, liquidity, price action, ATR, and spread gates passed."
E,A,2026-06-17,BIRD,opening-momentum,14,2026-06-17T14:34:00.000Z,4.98998,55,4.612437,5.556294,2026-06-17T14:53:00.000Z,5.545159,target,30.534869,1.470507,19,0.002004,quote,false,false,1.801173,-0.609149,31.696184,0.400802,26.649746,4433230,1,4,634,"Smartbird Appoints Nadia Carlsten President, CEO, Succeeding Joe Vernachio; Lily Yan Hughes Named Board Chair","opening-momentum: required catalyst, relative-volume, liquidity, price action, ATR, and spread gates passed."
E,A,2026-06-17,HQ,opening-momentum,13,2026-06-17T14:24:00.000Z,23.345087,11,21.494437,26.121062,2026-06-17T19:56:00.000Z,24.692027,flatten,14.816335,0.72782,332,0.001935,quote,false,false,0.894233,-0.078398,15.8389,0.387014,24.358289,5845854,1,20,624,"Jabil Posts Upbeat Q3 Results, Joins Uniqure, Braiin And Other Big Stocks Moving Higher On Wednesday","opening-momentum: required catalyst, relative-volume, liquidity, price action, ATR, and spread gates passed."
E,A,2026-06-18,CRVO,news-reaction,8,2026-06-18T11:54:00.000Z,4.814905,16,4.178498,5.769516,2026-06-18T13:47:00.000Z,5.993757,target,18.861622,1.852354,113,0.001041,quote,false,false,2.913536,-0.9505,19.0416,0.208117,26.115486,6060850,1,22,474,CervoMed Receives U.S. Patent For Its Neflamapimod Drug Candidate For The Treatment Of Dementia With Lewy Bodies,"news-reaction: required catalyst, relative-volume, liquidity, price action, ATR, and spread gates passed."
E,A,2026-06-30,GVH,opening-momentum,10,2026-06-30T14:46:00.000Z,4.545006,60,4.18822,5.080184,2026-06-30T15:27:00.000Z,5.074583,target,31.774649,1.484301,41,0.001103,quote,false,false,1.55554,-0.406422,32.411045,0.220507,29.059829,2296389,1,226,646,12 Industrials Stocks Moving In Tuesday's Pre-Market Session,"opening-momentum: required catalyst, relative-volume, liquidity, price action, ATR, and spread gates passed."
E,A,2026-07-07,JLHL,opening-momentum,9,2026-07-07T14:22:00.000Z,4.764995,2,0.01,16.019355,2026-07-07T19:56:00.000Z,4.445331,flatten,-0.639328,-0.067227,334,0.001049,quote,false,false,0.158782,-0.177707,-0.62,0.209864,29.132791,1448641,1,202,622,12 Industrials Stocks Moving In Tuesday's Pre-Market Session,"opening-momentum: required catalyst, relative-volume, liquidity, price action, ATR, and spread gates passed."
E,A,2026-07-08,SKYQ,opening-momentum,3,2026-07-08T14:08:00.000Z,3.88,30,3.172857,4.940714,2026-07-08T19:56:00.000Z,3.7152,flatten,-4.944,-0.233051,348,0.00129,quote,false,false,0.721212,-0.636364,-4.65,0.258065,29.166667,4070750,1,188,608,Why Is Sky Quarry Stock Rising On Tuesday?,"opening-momentum: required catalyst, relative-volume, liquidity, price action, ATR, and spread gates passed."
E,A,2026-07-15,TRT,opening-momentum,13,2026-07-15T13:44:00.000Z,12.784971,19,11.677235,14.446574,2026-07-15T14:17:00.000Z,11.654383,stop,-21.481161,-1.020629,33,0.001957,quote,false,false,-0.007557,-1,-20.572536,0.391389,24.512671,5072648,1,3,584,12 Information Technology Stocks Moving In Wednesday's Pre-Market Session,"opening-momentum: required catalyst, relative-volume, liquidity, price action, ATR, and spread gates passed."
E,A,2026-07-16,VEEE,news-reaction,3,2026-07-16T11:22:00.000Z,34.550292,1,27.963356,44.430695,2026-07-16T19:56:00.000Z,36.242092,flatten,1.6918,0.256842,514,0.001458,quote,false,false,1.28128,-0.371993,1.795,0.291545,28.845431,523412,1,22,442,10 Consumer Discretionary Stocks Moving In Wednesday's Intraday Session,"news-reaction: required catalyst, relative-volume, liquidity, price action, ATR, and spread gates passed."
E,A,2026-07-17,VEEE,news-reaction,5,2026-07-17T11:02:00.000Z,43.825029,1,36.133807,55.361861,2026-07-17T13:52:00.000Z,55.266792,target,11.441763,1.487639,170,0.001717,quote,false,false,1.51666,-0.627342,11.611961,0.343446,20.564124,523412,1,2,422,Why Callan JMB Shares Are Trading Higher By Around 64%; Here Are 20 Stocks Moving Premarket,"news-reaction: required catalyst, relative-volume, liquidity, price action, ATR, and spread gates passed."
E,A,2026-07-28,PMN,opening-momentum,12,2026-07-28T14:59:00.000Z,14.585084,15,13.148306,16.740252,2026-07-28T15:41:00.000Z,16.699887,target,31.722032,1.471905,42,0.002411,quote,false,false,1.541585,-0.100979,32.853784,0.48226,23.720137,7031120,1,239,659,12 Health Care Stocks Moving In Tuesday's Pre-Market Session,"opening-momentum: required catalyst, relative-volume, liquidity, price action, ATR, and spread gates passed."
F,A,2026-04-13,OPTX,opening-momentum,17,2026-04-13T13:35:00.000Z,11.312528,17,10.175492,13.018081,2026-04-13T13:50:00.000Z,11.494457,time,3.092794,0.160003,15,0.002217,quote,false,false,0.411132,-0.204503,3.9525,0.443459,20.854545,6841134,1,1,575,Why IDEAYA Biosciences Shares Are Trading Higher By 18%; Here Are 20 Stocks Moving Premarket,"opening-momentum: required catalyst, relative-volume, liquidity, price action, ATR, and spread gates passed."
F,A,2026-04-15,WATT,opening-momentum,14,2026-04-15T14:17:00.000Z,20.934941,8,18.667834,24.335602,2026-04-15T14:32:00.000Z,21.644154,time,5.673699,0.312827,15,0.001672,quote,false,false,0.443322,-0.055111,6.2432,0.334368,27.6,5357895,1,13,617,12 Industrials Stocks Moving In Wednesday's Pre-Market Session,"opening-momentum: required catalyst, relative-volume, liquidity, price action, ATR, and spread gates passed."
F,A,2026-04-17,FRMM,opening-momentum,7,2026-04-17T13:39:00.000Z,3.044708,74,2.774015,3.450747,2026-04-17T13:54:00.000Z,2.97519,time,-5.14428,-0.256812,15,0.001647,quote,false,false,0.278146,-0.423756,-4.4104,0.329489,28.059072,5470778,1,6,579,"Forum Markets Reinitiates Share Buyback Program Effective April 15, Company To Form Special Committee To Explore Optimal Outcomes For Shareholders","opening-momentum: required catalyst, relative-volume, liquidity, price action, ATR, and spread gates passed."
F,A,2026-04-22,TORO,opening-momentum,5,2026-04-22T14:30:00.000Z,4.955095,91,4.737295,5.281795,2026-04-22T14:43:00.000Z,4.955095,stop,0,0,13,0.001009,quote,false,false,1.124449,-0.390703,0.910018,0.201816,26.726343,4642446,1,61,630,"Toro Announces Special Dividend Of $0.90/Share For Shareholders Of Record As Of May 4, Payable On June 5","opening-momentum: required catalyst, relative-volume, liquidity, price action, ATR, and spread gates passed."
F,A,2026-04-23,ASTI,opening-momentum,10,2026-04-23T13:38:00.000Z,6.06,23,5.224329,7.313507,2026-04-23T13:53:00.000Z,5.655636,time,-9.300364,-0.483879,15,0.001653,quote,false,false,0.215396,-0.490623,-8.855,0.330579,21.93159,8933441,1,59,578,This Sterling Infrastructure Analyst Begins Coverage On A Bullish Note; Here Are Top 3 Initiations For Thursday,"opening-momentum: required catalyst, relative-volume, liquidity, price action, ATR, and spread gates passed."
F,A,2026-04-23,SST,opening-momentum,13,2026-04-23T14:22:00.000Z,3.435007,29,2.76375,4.441893,2026-04-23T14:45:00.000Z,3.435007,stop,0,0,23,0.00146,quote,false,false,0.886386,-0.156434,0.290848,0.291971,22.5,2038372,1,202,622,Why United Rentals Shares Are Trading Higher By Around 15%; Here Are 20 Stocks Moving Premarket,"opening-momentum: required catalyst, relative-volume, liquidity, price action, ATR, and spread gates passed."
F,A,2026-04-24,SST,opening-momentum,11,2026-04-24T13:30:00.000Z,4.71,31,4.079207,5.656189,2026-04-24T13:36:00.000Z,4.070528,stop,-19.823633,-1.013759,6,0.002128,quote,false,false,0.41218,-1,-19.244579,0.425532,22.976501,2038372,1,39,570,12 Communication Services Stocks Moving In Thursday's After-Market Session,"opening-momentum: required catalyst, relative-volume, liquidity, price action, ATR, and spread gates passed."
F,A,2026-04-28,EDSA,opening-momentum,8,2026-04-28T14:22:00.000Z,13.954978,18,12.909414,15.523325,2026-04-28T14:27:00.000Z,12.890906,stop,-19.153303,-1.017702,5,0.001434,quote,false,false,0.15783,-1,-18.460544,0.286738,25.067144,7680527,1,21,622,12 Health Care Stocks Moving In Monday's Intraday Session,"opening-momentum: required catalyst, relative-volume, liquidity, price action, ATR, and spread gates passed."
F,A,2026-05-06,GDC,opening-momentum,19,2026-05-06T13:30:00.000Z,7.504997,35,6.94679,8.342307,2026-05-06T13:32:00.000Z,7.504997,stop,0,0,2,0.000666,quote,false,false,1.209055,-0.362763,0.35,0.133245,25.375626,4090235,1,4,570,"GD Culture Group Forms Special Committee To Mull, Consider Proposed $10.75/Share Acquisition Offer From Consortium Of Wealthy Concord, East Valley Technology","opening-momentum: required catalyst, relative-volume, liquidity, price action, ATR, and spread gates passed."
F,A,2026-05-08,MASK,opening-momentum,13,2026-05-08T13:52:00.000Z,3.12,67,2.831879,3.552182,2026-05-08T14:04:00.000Z,3.12,stop,0,0,12,0.001605,quote,false,false,1.214766,-0.034708,0.671077,0.321027,25.802419,821603,1,120,592,12 Information Technology Stocks Moving In Friday's Pre-Market Session,"opening-momentum: required catalyst, relative-volume, liquidity, price action, ATR, and spread gates passed."
F,A,2026-05-11,WYFI,opening-momentum,19,2026-05-11T13:52:00.000Z,26.424865,12,24.8039,28.856311,2026-05-11T16:21:00.000Z,28.487932,stop,24.756805,1.272741,149,0.002461,quote,false,true,1.588644,-0.262106,26.378467,0.492145,24.017412,9434997,1,161,592,Why Digi Power X Shares Are Trading Higher By Around 20%; Here Are 20 Stocks Moving Premarket,"opening-momentum: required catalyst, relative-volume, liquidity, price action, ATR, and spread gates passed."
F,A,2026-05-13,WOLF,opening-momentum,5,2026-05-13T13:40:00.000Z,69.355043,3,63.749143,77.763893,2026-05-13T13:59:00.000Z,63.638612,stop,-17.149295,-1.019717,19,0.001734,quote,false,false,0.573495,-1,-16.45757,0.346771,28.834698,5963278,1,160,580,12 Information Technology Stocks Moving In Wednesday's Pre-Market Session,"opening-momentum: required catalyst, relative-volume, liquidity, price action, ATR, and spread gates passed."
F,A,2026-05-19,PIII,opening-momentum,9,2026-05-19T13:39:00.000Z,11.11,14,9.800357,13.074464,2026-05-19T13:52:00.000Z,12.021392,gap,12.759492,0.695909,13,0.000901,quote,false,true,1.519498,-0.136831,13.05125,0.18018,21.134133,1815674,1,10,579,Why Agilysys Shares Are Trading Higher By Over 15%; Here Are 20 Stocks Moving Premarket,"opening-momentum: required catalyst, relative-volume, liquidity, price action, ATR, and spread gates passed."
F,A,2026-05-21,ARQQ,opening-momentum,20,2026-05-21T13:51:00.000Z,16.049925,18,15.001504,17.622557,2026-05-21T13:58:00.000Z,16.049925,stop,0,0,7,0.002494,quote,false,false,0.772661,-0.057158,1.4409,0.498753,22.536287,8534119,1,113,591,Arqit Quantum H1 Sales $623.000K Beat $535.000K Estimate,"opening-momentum: required catalyst, relative-volume, liquidity, price action, ATR, and spread gates passed."
F,A,2026-05-27,VCIG,opening-momentum,15,2026-05-27T14:05:00.000Z,3.655007,83,3.419328,4.008525,2026-05-27T14:28:00.000Z,4.062574,target,33.828054,1.729334,23,0.001372,quote,false,true,2.397304,-0.40312,34.706801,0.274348,25.689655,618493,1,185,605,12 Industrials Stocks Moving In Tuesday's After-Market Session,"opening-momentum: required catalyst, relative-volume, liquidity, price action, ATR, and spread gates passed."
F,A,2026-05-29,MASK,news-reaction,13,2026-05-29T11:19:00.000Z,4.99,13,4.223893,6.139161,2026-05-29T11:34:00.000Z,4.860221,time,-1.687129,-0.169401,15,0.002008,quote,false,false,0.182612,-0.203757,-1.43,0.401606,20.823245,821603,1,19,439,12 Information Technology Stocks Moving In Thursday's Intraday Session,"news-reaction: required catalyst, relative-volume, liquidity, price action, ATR, and spread gates passed."
F,A,2026-06-01,ELMT,opening-momentum,18,2026-06-01T13:33:00.000Z,19.885062,15,18.604633,21.805705,2026-06-01T15:31:00.000Z,21.670983,stop,26.788815,1.394784,118,0.001766,quote,false,true,1.729841,-0.613124,27.889933,0.353268,29.679319,9643623,1,152,573,12 Industrials Stocks Moving In Monday's Pre-Market Session,"opening-momentum: required catalyst, relative-volume, liquidity, price action, ATR, and spread gates passed."
F,A,2026-06-05,BESS,news-reaction,8,2026-06-05T11:58:00.000Z,3.834706,16,3.229349,4.742742,2026-06-05T12:13:00.000Z,3.545759,time,-4.623155,-0.477317,15,0.001307,quote,false,false,-0.007774,-0.668541,-4.4688,0.261438,25.57377,3716147,1,58,478,Bimergen Energy To Present Plan To Achieve $400M In Annual Sales At Small Cap Showcase On June 9,"news-reaction: required catalyst, relative-volume, liquidity, price action, ATR, and spread gates passed."
F,A,2026-06-05,BNAI,opening-momentum,9,2026-06-05T14:53:00.000Z,20.939621,8,18.536228,24.54471,2026-06-05T14:59:00.000Z,25.097889,target,33.266146,1.730166,6,0.001896,quote,false,true,2.034781,-0.016485,33.964467,0.379147,28.824969,4160885,1,14,653,Brand Engagement Network Acquires 10% Stake In AI Fleet Intelligence Provider Accelevate Solutions For $1M,"opening-momentum: required catalyst, relative-volume, liquidity, price action, ATR, and spread gates passed."
F,A,2026-06-15,HQ,opening-momentum,17,2026-06-15T14:29:00.000Z,14.095016,14,12.629095,16.293898,2026-06-15T14:44:00.000Z,14.584429,time,6.851788,0.333861,15,0.001066,quote,false,false,0.412631,-0.017065,7.28,0.213295,28.918423,5845854,1,47,629,"Ouster, Datavault AI, Paranovus Entertainment Technology And Other Big Stocks Moving Higher On Monday","opening-momentum: required catalyst, relative-volume, liquidity, price action, ATR, and spread gates passed."
F,A,2026-06-16,WYFI,opening-momentum,20,2026-06-16T14:02:00.000Z,36.930152,6,33.922081,41.442259,2026-06-16T14:17:00.000Z,35.821914,time,-6.649429,-0.368421,15,0.002175,quote,false,false,0.122952,-0.418924,-5.7,0.435019,22.681788,9434997,1,18,602,12 Information Technology Stocks Moving In Monday's Intraday Session,"opening-momentum: required catalyst, relative-volume, liquidity, price action, ATR, and spread gates passed."
F,A,2026-06-17,HQ,opening-momentum,13,2026-06-17T14:24:00.000Z,23.345087,11,21.494437,26.121062,2026-06-17T14:39:00.000Z,23.534371,time,2.082124,0.10228,15,0.001935,quote,false,false,0.424128,-0.078398,3.08,0.387014,24.358289,5845854,1,20,624,"Jabil Posts Upbeat Q3 Results, Joins Uniqure, Braiin And Other Big Stocks Moving Higher On Wednesday","opening-momentum: required catalyst, relative-volume, liquidity, price action, ATR, and spread gates passed."
F,A,2026-06-17,BIRD,opening-momentum,14,2026-06-17T14:34:00.000Z,4.98998,54,4.612437,5.556294,2026-06-17T14:49:00.000Z,4.97002,time,-1.077836,-0.052868,15,0.002004,quote,false,false,0.21195,-0.609149,0,0.400802,26.649746,4433230,1,4,634,"Smartbird Appoints Nadia Carlsten President, CEO, Succeeding Joe Vernachio; Lily Yan Hughes Named Board Chair","opening-momentum: required catalyst, relative-volume, liquidity, price action, ATR, and spread gates passed."
F,A,2026-06-18,CRVO,news-reaction,8,2026-06-18T11:54:00.000Z,4.814905,16,4.178498,5.769516,2026-06-18T12:02:00.000Z,4.814905,stop,0,0,8,0.001041,quote,false,false,0.919215,-0.431964,0.16033,0.208117,26.115486,6060850,1,22,474,CervoMed Receives U.S. Patent For Its Neflamapimod Drug Candidate For The Treatment Of Dementia With Lewy Bodies,"news-reaction: required catalyst, relative-volume, liquidity, price action, ATR, and spread gates passed."
F,A,2026-06-30,GVH,opening-momentum,10,2026-06-30T14:46:00.000Z,4.545006,57,4.18822,5.080184,2026-06-30T15:01:00.000Z,4.614906,time,3.984344,0.195918,15,0.001103,quote,false,false,0.284749,-0.406422,4.56,0.220507,29.059829,2296389,1,226,646,12 Industrials Stocks Moving In Tuesday's Pre-Market Session,"opening-momentum: required catalyst, relative-volume, liquidity, price action, ATR, and spread gates passed."
F,A,2026-07-07,JLHL,opening-momentum,9,2026-07-07T14:22:00.000Z,4.764995,2,0.01,16.019355,2026-07-07T14:37:00.000Z,4.511661,time,-0.506668,-0.053277,15,0.001049,quote,false,false,0.158782,-0.080924,-0.4872,0.209864,29.132791,1448641,1,202,622,12 Industrials Stocks Moving In Tuesday's Pre-Market Session,"opening-momentum: required catalyst, relative-volume, liquidity, price action, ATR, and spread gates passed."
F,A,2026-07-08,SKYQ,opening-momentum,3,2026-07-08T14:08:00.000Z,3.88,29,3.172857,4.940714,2026-07-08T14:23:00.000Z,4.000831,time,3.504098,0.170872,15,0.00129,quote,false,false,0.311111,-0.197838,3.799,0.258065,29.166667,4070750,1,188,608,Why Is Sky Quarry Stock Rising On Tuesday?,"opening-momentum: required catalyst, relative-volume, liquidity, price action, ATR, and spread gates passed."
F,A,2026-07-15,TRT,opening-momentum,13,2026-07-15T13:44:00.000Z,12.784971,18,11.677235,14.446574,2026-07-15T13:59:00.000Z,12.27583,time,-9.164536,-0.459623,15,0.001957,quote,false,false,-0.007557,-0.79881,-8.2818,0.391389,24.512671,5072648,1,3,584,12 Information Technology Stocks Moving In Wednesday's Pre-Market Session,"opening-momentum: required catalyst, relative-volume, liquidity, price action, ATR, and spread gates passed."
F,A,2026-07-16,VEEE,news-reaction,3,2026-07-16T11:22:00.000Z,34.550292,1,27.963356,44.430695,2026-07-16T11:37:00.000Z,33.391254,time,-1.159038,-0.17596,15,0.001458,quote,false,false,0.132035,-0.235359,-1.06,0.291545,28.845431,523412,1,22,442,10 Consumer Discretionary Stocks Moving In Wednesday's Intraday Session,"news-reaction: required catalyst, relative-volume, liquidity, price action, ATR, and spread gates passed."
F,A,2026-07-17,VEEE,news-reaction,5,2026-07-17T11:02:00.000Z,43.825029,1,36.133807,55.361861,2026-07-17T11:17:00.000Z,42.926159,time,-0.898869,-0.11687,15,0.001717,quote,false,false,-0.009755,-0.169678,-0.7499,0.343446,20.564124,523412,1,2,422,Why Callan JMB Shares Are Trading Higher By Around 64%; Here Are 20 Stocks Moving Premarket,"news-reaction: required catalyst, relative-volume, liquidity, price action, ATR, and spread gates passed."
F,A,2026-07-28,PMN,opening-momentum,12,2026-07-28T14:59:00.000Z,14.585084,14,13.148306,16.740252,2026-07-28T15:45:00.000Z,16.463382,stop,26.296167,1.307298,46,0.002411,quote,false,true,1.854785,-0.100979,27.344466,0.48226,23.720137,7031120,1,239,659,12 Health Care Stocks Moving In Tuesday's Pre-Market Session,"opening-momentum: required catalyst, relative-volume, liquidity, price action, ATR, and spread gates passed."
